<?xml version="1.0" encoding="UTF-8"?>
<project-private xmlns="http://www.netbeans.org/ns/project-private/1">
    <editor-bookmarks xmlns="http://www.netbeans.org/ns/editor-bookmarks/2" lastBookmarkId="0"/>
    <open-files xmlns="http://www.netbeans.org/ns/projectui-open-files/2">
        <group>
            <file>file:/C:/Users/lab801.ANHEMBIMORUMBI/Documents/NetBeansProjects/Revisao_Ex_02/src/revisao_ex_02/Revisao_Ex_02.java</file>
            <file>file:/C:/Users/lab801.ANHEMBIMORUMBI/Documents/NetBeansProjects/Revisao_Ex_02/src/revisao_ex_02/Vetor.java</file>
        </group>
    </open-files>
</project-private>
