<?xml version="1.0" encoding="UTF-8"?>
<project-private xmlns="http://www.netbeans.org/ns/project-private/1">
    <editor-bookmarks xmlns="http://www.netbeans.org/ns/editor-bookmarks/2" lastBookmarkId="0"/>
    <open-files xmlns="http://www.netbeans.org/ns/projectui-open-files/2">
        <group>
            <file>file:/C:/Users/lab801.ANHEMBIMORUMBI/Documents/NetBeansProjects/Aula_Pilha/src/aula_pilha/PilhaChar.java</file>
            <file>file:/C:/Users/lab801.ANHEMBIMORUMBI/Documents/NetBeansProjects/Aula_Pilha/src/aula_pilha/Aula_Pilha.java</file>
            <file>file:/C:/Users/lab801.ANHEMBIMORUMBI/Documents/NetBeansProjects/Aula_Pilha/src/aula_pilha/PilhaInt.java</file>
        </group>
    </open-files>
</project-private>
